title,year,url
A Single Man,2009,https://letterboxd.com/film/a-single-man/
Drugstore Cowboy,1989,https://letterboxd.com/film/drugstore-cowboy/
To Die For,1995,https://letterboxd.com/film/to-die-for/
Gerry,2002,https://letterboxd.com/film/gerry/
Tokyo Videos of Horror,2012,https://letterboxd.com/film/tokyo-videos-of-horror/
The Pelican Brief,1993,https://letterboxd.com/film/the-pelican-brief/
Eternity,2025,https://letterboxd.com/film/eternity-2025-1/
Green Snake,1993,https://letterboxd.com/film/green-snake/
In the Cut,2003,https://letterboxd.com/film/in-the-cut/
Crimes of Passion,1984,https://letterboxd.com/film/crimes-of-passion/
Cruising,1980,https://letterboxd.com/film/cruising/
The 4th Man,1983,https://letterboxd.com/film/the-4th-man/
Bone,1972,https://letterboxd.com/film/bone/
New Rose Hotel,1998,https://letterboxd.com/film/new-rose-hotel/
The Friends of Eddie Coyle,1973,https://letterboxd.com/film/the-friends-of-eddie-coyle/
Home from the Hill,1960,https://letterboxd.com/film/home-from-the-hill/
Out of the Past,1947,https://letterboxd.com/film/out-of-the-past/
Ponyboi,2024,https://letterboxd.com/film/ponyboi-2024/
Slanted,2025,https://letterboxd.com/film/slanted/
Beyond the Infinite Two Minutes,2020,https://letterboxd.com/film/beyond-the-infinite-two-minutes/
The Chaperones,,https://letterboxd.com/film/the-chaperones/
Disclosure Day,2026,https://letterboxd.com/film/disclosure-day/
The Way of the Wind,,https://letterboxd.com/film/the-way-of-the-wind/
Werwulf,2026,https://letterboxd.com/film/werwulf/
Cry to Heaven,,https://letterboxd.com/film/cry-to-heaven/
Wild Horse Nine,2026,https://letterboxd.com/film/wild-horse-nine/
The Man from Rome,2022,https://letterboxd.com/film/the-man-from-rome/
Body Double,1984,https://letterboxd.com/film/body-double/
The Absence of Milk in the Mouths of the Lost,2023,https://letterboxd.com/film/the-absence-of-milk-in-the-mouths-of-the-lost/
Buzzard,2014,https://letterboxd.com/film/buzzard/
"Nadia, Butterfly",2020,https://letterboxd.com/film/nadia-butterfly/
Caniba,2017,https://letterboxd.com/film/caniba/
The Crimson Kimono,1959,https://letterboxd.com/film/the-crimson-kimono/
Defending Your Life,1991,https://letterboxd.com/film/defending-your-life/
Aniki-Bóbó,1942,https://letterboxd.com/film/aniki-bobo/
Quiz Show,1994,https://letterboxd.com/film/quiz-show/
Reds,1981,https://letterboxd.com/film/reds/
The Family Man,2000,https://letterboxd.com/film/the-family-man/
Digital Video Editing with Adobe Premiere Pro: The Real-World Guide to Set Up and Workflow,2020,https://letterboxd.com/film/digital-video-editing-with-adobe-premiere-pro-the-real-world-guide-to-set-up-and-workflow/
Nobuko,1940,https://letterboxd.com/film/nobuko/
Japanese Girls at the Harbor,1933,https://letterboxd.com/film/japanese-girls-at-the-harbor/
Children in the Wind,1937,https://letterboxd.com/film/children-in-the-wind/
Mr. Thank You,1936,https://letterboxd.com/film/mr-thank-you/
Crazed Fruit,1956,https://letterboxd.com/film/crazed-fruit/
Himiko,1974,https://letterboxd.com/film/himiko/
Pale Flower,1964,https://letterboxd.com/film/pale-flower/
Haru,1996,https://letterboxd.com/film/haru/
Blue Spring,2001,https://letterboxd.com/film/blue-spring/
August in the Water,1995,https://letterboxd.com/film/august-in-the-water/
Kandagawa Pervert Wars,1983,https://letterboxd.com/film/kandagawa-pervert-wars/
Beautiful New Bay Area Project,2013,https://letterboxd.com/film/beautiful-new-bay-area-project/
Kotoko,2011,https://letterboxd.com/film/kotoko/
The Emperor's Naked Army Marches On,1987,https://letterboxd.com/film/the-emperors-naked-army-marches-on/
Sisters of the Gion,1936,https://letterboxd.com/film/sisters-of-the-gion/
Osaka Elegy,1936,https://letterboxd.com/film/osaka-elegy/
The Tatami Galaxy,2010,https://letterboxd.com/film/the-tatami-galaxy/
Mind Game,2004,https://letterboxd.com/film/mind-game/
The Professionals,1966,https://letterboxd.com/film/the-professionals/
Looking for Mr. Goodbar,1977,https://letterboxd.com/film/looking-for-mr-goodbar/
Pocket Money,1972,https://letterboxd.com/film/pocket-money/
The Drowning Pool,1975,https://letterboxd.com/film/the-drowning-pool/
Copycat,1995,https://letterboxd.com/film/copycat/
Terrorizers,1986,https://letterboxd.com/film/terrorizers/
El Sur,1983,https://letterboxd.com/film/el-sur/
Closed Curtain,2013,https://letterboxd.com/film/closed-curtain/
Crimson Gold,2003,https://letterboxd.com/film/crimson-gold/
3 Faces,2018,https://letterboxd.com/film/3-faces/
The Circle,2000,https://letterboxd.com/film/the-circle/
The Mirror,1997,https://letterboxd.com/film/the-mirror/
Offside,2006,https://letterboxd.com/film/offside/
The Message,1976,https://letterboxd.com/film/the-message-1976-1/
Hombre,1967,https://letterboxd.com/film/hombre/
Demons,1971,https://letterboxd.com/film/demons-1971/
Ali: Fear Eats the Soul,1974,https://letterboxd.com/film/ali-fear-eats-the-soul/
Familiar Touch,2024,https://letterboxd.com/film/familiar-touch/
Chainsaw Man – The Movie: Reze Arc,2025,https://letterboxd.com/film/chainsaw-man-the-movie-reze-arc/
Sunfish (& Other Stories on Green Lake),2025,https://letterboxd.com/film/sunfish-other-stories-on-green-lake/
Vulcanizadora,2024,https://letterboxd.com/film/vulcanizadora/
The Shrouds,2024,https://letterboxd.com/film/the-shrouds/
Afternoons of Solitude,2024,https://letterboxd.com/film/afternoons-of-solitude/
Emmet Otter's Jug-Band Christmas,1977,https://letterboxd.com/film/emmet-otters-jug-band-christmas/
Oliver Twist,1948,https://letterboxd.com/film/oliver-twist-1948/
Parthenope,2024,https://letterboxd.com/film/parthenope/
Twinless,2025,https://letterboxd.com/film/twinless/
Misericordia,2024,https://letterboxd.com/film/misericordia-2024/
Only Angels Have Wings,1939,https://letterboxd.com/film/only-angels-have-wings/
Ball of Fire,1941,https://letterboxd.com/film/ball-of-fire/
The Grand Bizarre,2018,https://letterboxd.com/film/the-grand-bizarre-2018/
Falling Down,1993,https://letterboxd.com/film/falling-down/
Babette's Feast,1987,https://letterboxd.com/film/babettes-feast/
My Fair Lady,1964,https://letterboxd.com/film/my-fair-lady/
The Muppets Take Manhattan,1984,https://letterboxd.com/film/the-muppets-take-manhattan/
A Bridge Too Far,1977,https://letterboxd.com/film/a-bridge-too-far/
Catch-22,1970,https://letterboxd.com/film/catch-22/
Bad Timing,1980,https://letterboxd.com/film/bad-timing/
The Right Stuff,1983,https://letterboxd.com/film/the-right-stuff/
A Poet,2025,https://letterboxd.com/film/a-poet/
I Drink Your Blood,1971,https://letterboxd.com/film/i-drink-your-blood/
The Ruling Class,1972,https://letterboxd.com/film/the-ruling-class/
Underground,1995,https://letterboxd.com/film/underground-1995/
I Married a Witch,1942,https://letterboxd.com/film/i-married-a-witch/
Fucktoys,2025,https://letterboxd.com/film/fucktoys/
Gattaca,1997,https://letterboxd.com/film/gattaca/
"Merry Christmas, Mr. Lawrence",1983,https://letterboxd.com/film/merry-christmas-mr-lawrence/
Death by Hanging,1968,https://letterboxd.com/film/death-by-hanging/
Legends of the Fall,1994,https://letterboxd.com/film/legends-of-the-fall/
The Day of the Dolphin,1973,https://letterboxd.com/film/the-day-of-the-dolphin/
Smokey and the Bandit,1977,https://letterboxd.com/film/smokey-and-the-bandit/
The White Diamond,2004,https://letterboxd.com/film/the-white-diamond/
The Wild Blue Yonder,2005,https://letterboxd.com/film/the-wild-blue-yonder/
Saint☆Young Men,2013,https://letterboxd.com/film/saintyoung-men/
Memories,1995,https://letterboxd.com/film/memories/
Cat Soup,2001,https://letterboxd.com/film/cat-soup/
Boogiepop Phantom,2000,https://letterboxd.com/film/boogiepop-phantom/
Landscape in the Mist,1988,https://letterboxd.com/film/landscape-in-the-mist/
Wolf Children,2012,https://letterboxd.com/film/wolf-children/
Hero,2002,https://letterboxd.com/film/hero-2002/
The Servant,1963,https://letterboxd.com/film/the-servant/
"Oh, Hi!",2025,https://letterboxd.com/film/oh-hi/
Urban Cowboy,1980,https://letterboxd.com/film/urban-cowboy/
Breaking Away,1979,https://letterboxd.com/film/breaking-away/
Déjà Vu,2006,https://letterboxd.com/film/deja-vu/
Rush,2013,https://letterboxd.com/film/rush-2013/
Nobody Knows,2004,https://letterboxd.com/film/nobody-knows/
The Man Without a Past,2002,https://letterboxd.com/film/the-man-without-a-past/
Biutiful,2010,https://letterboxd.com/film/biutiful/
21 Grams,2003,https://letterboxd.com/film/21-grams/
The Loved Ones,2009,https://letterboxd.com/film/the-loved-ones/
The Manchurian Candidate,2004,https://letterboxd.com/film/the-manchurian-candidate-2004/
The Trout,1982,https://letterboxd.com/film/the-trout-1982/
Who?,1974,https://letterboxd.com/film/who/
Getting Straight,1970,https://letterboxd.com/film/getting-straight/
The Silent Partner,1978,https://letterboxd.com/film/the-silent-partner/
Bound by Honor,1993,https://letterboxd.com/film/bound-by-honor/
79 Springs,1969,https://letterboxd.com/film/79-springs/
Jackass Number Two,2006,https://letterboxd.com/film/jackass-number-two/
Fireworks,1997,https://letterboxd.com/film/fireworks-1997/
Plainclothes,2025,https://letterboxd.com/film/plainclothes/
The Long Day Closes,1992,https://letterboxd.com/film/the-long-day-closes/
Magic Farm,2025,https://letterboxd.com/film/magic-farm/
The Mother and the Whore,1973,https://letterboxd.com/film/the-mother-and-the-whore/
The Delta,1996,https://letterboxd.com/film/the-delta/
Sansho the Bailiff,1954,https://letterboxd.com/film/sansho-the-bailiff/
To the Ends of the Earth,2019,https://letterboxd.com/film/to-the-ends-of-the-earth-2019/
Insiang,1976,https://letterboxd.com/film/insiang/
"This Is Not a Burial, It's a Resurrection",2019,https://letterboxd.com/film/this-is-not-a-burial-its-a-resurrection/
Dog Star Man,1965,https://letterboxd.com/film/dog-star-man/
Linda Linda Linda,2005,https://letterboxd.com/film/linda-linda-linda/
April,2024,https://letterboxd.com/film/april-2024-1/
Jerry Maguire,1996,https://letterboxd.com/film/jerry-maguire/
The People vs. Larry Flynt,1996,https://letterboxd.com/film/the-people-vs-larry-flynt/
The Bridges of Madison County,1995,https://letterboxd.com/film/the-bridges-of-madison-county/
Out of the Blue,1980,https://letterboxd.com/film/out-of-the-blue/
"To Wong Foo, Thanks for Everything! Julie Newmar",1995,https://letterboxd.com/film/to-wong-foo-thanks-for-everything-julie-newmar/
Written on the Wind,1956,https://letterboxd.com/film/written-on-the-wind/
A Chinese Odyssey Part One: Pandora's Box,1995,https://letterboxd.com/film/a-chinese-odyssey-part-one-pandoras-box/
Moving,1993,https://letterboxd.com/film/moving-1993/
The Children's Hour,1961,https://letterboxd.com/film/the-childrens-hour/
Titus,1999,https://letterboxd.com/film/titus/
Darling,1965,https://letterboxd.com/film/darling/
Marathon Man,1976,https://letterboxd.com/film/marathon-man/
Three Days of the Condor,1975,https://letterboxd.com/film/three-days-of-the-condor/
Skullduggery,1970,https://letterboxd.com/film/skullduggery-1970/
Project X,1987,https://letterboxd.com/film/project-x-1987/
Phenomena,1985,https://letterboxd.com/film/phenomena/
Moon Pilot,1962,https://letterboxd.com/film/moon-pilot/
Monkeybone,2001,https://letterboxd.com/film/monkeybone/
The Man Who Changed His Mind,1936,https://letterboxd.com/film/the-man-who-changed-his-mind/
Mad Max Beyond Thunderdome,1985,https://letterboxd.com/film/mad-max-beyond-thunderdome/
Hit the Deck,1955,https://letterboxd.com/film/hit-the-deck/
Frida,2002,https://letterboxd.com/film/frida/
The Fountain,2006,https://letterboxd.com/film/the-fountain/
Don Juan,1926,https://letterboxd.com/film/don-juan/
Crocodile Dundee in Los Angeles,2001,https://letterboxd.com/film/crocodile-dundee-in-los-angeles/
Cobra Woman,1944,https://letterboxd.com/film/cobra-woman/
The Cameraman,1928,https://letterboxd.com/film/the-cameraman/
Calcutta,1969,https://letterboxd.com/film/calcutta-1969/
Alakazam the Great!,1960,https://letterboxd.com/film/alakazam-the-great/
Shakma,1990,https://letterboxd.com/film/shakma/
The Barefoot Executive,1971,https://letterboxd.com/film/the-barefoot-executive/
Pippi Longstocking,1969,https://letterboxd.com/film/pippi-longstocking-1969/
Link,1986,https://letterboxd.com/film/link/
Crippled Avengers,1978,https://letterboxd.com/film/crippled-avengers/
The One-Armed Swordsman,1967,https://letterboxd.com/film/the-one-armed-swordsman/
Il Sorpasso,1962,https://letterboxd.com/film/il-sorpasso/
eXistenZ,1999,https://letterboxd.com/film/existenz/
Futureworld,1976,https://letterboxd.com/film/futureworld/
The Monkey King: Uproar in Heaven,1961,https://letterboxd.com/film/the-monkey-king-uproar-in-heaven/
Wild Japan: Snow Monkeys,2014,https://letterboxd.com/film/wild-japan-snow-monkeys-2014/
Princess Iron Fan,1941,https://letterboxd.com/film/princess-iron-fan/
Jane,2017,https://letterboxd.com/film/jane-2017-1/
The Feeling That the Time for Doing Something Has Passed,2023,https://letterboxd.com/film/the-feeling-that-the-time-for-doing-something-has-passed/
The White Meadows,2009,https://letterboxd.com/film/the-white-meadows/
Europa '51,1952,https://letterboxd.com/film/europa-51/
"Germany, Year Zero",1948,https://letterboxd.com/film/germany-year-zero/
Paisan,1946,https://letterboxd.com/film/paisan/
Stromboli,1950,https://letterboxd.com/film/stromboli/
Journey to Italy,1954,https://letterboxd.com/film/journey-to-italy/
Sealskins,1932,https://letterboxd.com/film/sealskins/
Bum Voyage,1934,https://letterboxd.com/film/bum-voyage/
Nature in the Wrong,1933,https://letterboxd.com/film/nature-in-the-wrong/
I Shot Jesse James,1949,https://letterboxd.com/film/i-shot-jesse-james/
The Cranes Are Flying,1957,https://letterboxd.com/film/the-cranes-are-flying/
Dogra Magra,1988,https://letterboxd.com/film/dogra-magra/
Leave Her to Heaven,1945,https://letterboxd.com/film/leave-her-to-heaven/
Ha Ha Ha,2010,https://letterboxd.com/film/ha-ha-ha-2010/
Torso,1973,https://letterboxd.com/film/torso/
Guys and Dolls,1955,https://letterboxd.com/film/guys-and-dolls/
Sleuth,1972,https://letterboxd.com/film/sleuth/
The Love Bug,1968,https://letterboxd.com/film/the-love-bug/
Eeb Allay Ooo!,2019,https://letterboxd.com/film/eeb-allay-ooo/
Any Which Way You Can,1980,https://letterboxd.com/film/any-which-way-you-can/
Doctor Dolittle,1998,https://letterboxd.com/film/doctor-dolittle-1998/
Dolittle,2020,https://letterboxd.com/film/dolittle/
Gorilla at Large,1954,https://letterboxd.com/film/gorilla-at-large/
Instinct,1999,https://letterboxd.com/film/instinct/
Flying Monkeys,2013,https://letterboxd.com/film/flying-monkeys/
The Monkey's Uncle,1965,https://letterboxd.com/film/the-monkeys-uncle/
Mad Monkey Kung Fu,1979,https://letterboxd.com/film/mad-monkey-kung-fu/
Summer of the Monkeys,1998,https://letterboxd.com/film/summer-of-the-monkeys/
Blood Monkey,2007,https://letterboxd.com/film/blood-monkey/
Baby's Day Out,1994,https://letterboxd.com/film/babys-day-out/
King Kong Lives,1986,https://letterboxd.com/film/king-kong-lives/
Ed,1996,https://letterboxd.com/film/ed/
Monkey in the Middle,2014,https://letterboxd.com/film/monkey-in-the-middle/
Space Chimps,2008,https://letterboxd.com/film/space-chimps/
Bedtime for Bonzo,1951,https://letterboxd.com/film/bedtime-for-bonzo/
Outbreak,1995,https://letterboxd.com/film/outbreak/
Mighty Joe Young,1998,https://letterboxd.com/film/mighty-joe-young-1998/
George of the Jungle,1997,https://letterboxd.com/film/george-of-the-jungle/
Tarzan the Ape Man,1932,https://letterboxd.com/film/tarzan-the-ape-man/
Born to Be Wild,1995,https://letterboxd.com/film/born-to-be-wild/
Monkey Shines,1988,https://letterboxd.com/film/monkey-shines/
King Kong Escapes,1967,https://letterboxd.com/film/king-kong-escapes/
Monkey Business,1952,https://letterboxd.com/film/monkey-business-1952/
Batman Returns,1992,https://letterboxd.com/film/batman-returns/
Congo,1995,https://letterboxd.com/film/congo/
Monkey Trouble,1994,https://letterboxd.com/film/monkey-trouble/
The Incredible Shrinking Man,1957,https://letterboxd.com/film/the-incredible-shrinking-man/
The Ape Man,1943,https://letterboxd.com/film/the-ape-man/
Murders in the Zoo,1933,https://letterboxd.com/film/murders-in-the-zoo/
A Boy Named Charlie Brown,1969,https://letterboxd.com/film/a-boy-named-charlie-brown/
Dial M for Murder,1954,https://letterboxd.com/film/dial-m-for-murder/
Morvern Callar,2002,https://letterboxd.com/film/morvern-callar/
Medeas,2013,https://letterboxd.com/film/medeas/
Monica,2022,https://letterboxd.com/film/monica/
Army of Shadows,1969,https://letterboxd.com/film/army-of-shadows/
Jenny Lamour,1947,https://letterboxd.com/film/jenny-lamour/
The Truth,1960,https://letterboxd.com/film/the-truth-1960/
Le Corbeau,1943,https://letterboxd.com/film/le-corbeau/
The Wages of Fear,1953,https://letterboxd.com/film/the-wages-of-fear/
45 Years,2015,https://letterboxd.com/film/45-years/
Summer with Monika,1953,https://letterboxd.com/film/summer-with-monika/
Sonatine,1993,https://letterboxd.com/film/sonatine/
Margaret,2011,https://letterboxd.com/film/margaret/
The Illusionist,2010,https://letterboxd.com/film/the-illusionist-2010/
Targets,1968,https://letterboxd.com/film/targets/
I ♥ Huckabees,2004,https://letterboxd.com/film/i-huckabees/
Elle,2016,https://letterboxd.com/film/elle/
The Piano Teacher,2001,https://letterboxd.com/film/the-piano-teacher/
Miracle in Milan,1951,https://letterboxd.com/film/miracle-in-milan/
Kamikaze Girls,2004,https://letterboxd.com/film/kamikaze-girls/
Drifting Clouds,1996,https://letterboxd.com/film/drifting-clouds-1996/
The Science of Sleep,2006,https://letterboxd.com/film/the-science-of-sleep/
Taipei Story,1985,https://letterboxd.com/film/taipei-story/
"That Day, on the Beach",1983,https://letterboxd.com/film/that-day-on-the-beach/
Inside,2007,https://letterboxd.com/film/inside-2007/
The Life and Death of Colonel Blimp,1943,https://letterboxd.com/film/the-life-and-death-of-colonel-blimp/
MouseHunt,1997,https://letterboxd.com/film/mousehunt/
Therapy Dogs,2022,https://letterboxd.com/film/therapy-dogs/
Predestination,2014,https://letterboxd.com/film/predestination/
"Butcher, Baker, Nightmare Maker",1981,https://letterboxd.com/film/butcher-baker-nightmare-maker/
Cocoon,1985,https://letterboxd.com/film/cocoon/
Can't Get You Out of My Head,2021,https://letterboxd.com/film/cant-get-you-out-of-my-head/
Midnight,1939,https://letterboxd.com/film/midnight-1939/
One Way Passage,1932,https://letterboxd.com/film/one-way-passage/
My Man Godfrey,1936,https://letterboxd.com/film/my-man-godfrey/
I Am Curious (Yellow),1967,https://letterboxd.com/film/i-am-curious-yellow/
Smile,2022,https://letterboxd.com/film/smile-2022/
No Home Movie,2015,https://letterboxd.com/film/no-home-movie/
The Meetings of Anna,1978,https://letterboxd.com/film/the-meetings-of-anna/
The Captive,2000,https://letterboxd.com/film/the-captive/
Parting Glances,1986,https://letterboxd.com/film/parting-glances/
Cabiria,1914,https://letterboxd.com/film/cabiria/
Total Recall,1990,https://letterboxd.com/film/total-recall/
Not Okay,2022,https://letterboxd.com/film/not-okay/
Meshes of the Afternoon,1943,https://letterboxd.com/film/meshes-of-the-afternoon/
Brief Encounter,1945,https://letterboxd.com/film/brief-encounter/
La Cérémonie,1995,https://letterboxd.com/film/la-ceremonie/
The Clock,1945,https://letterboxd.com/film/the-clock/
Lilya 4-ever,2002,https://letterboxd.com/film/lilya-4-ever/
A Man Called Ove,2015,https://letterboxd.com/film/a-man-called-ove/
Thrilling Bloody Sword,1981,https://letterboxd.com/film/thrilling-bloody-sword/
Sliding Doors,1998,https://letterboxd.com/film/sliding-doors/
Altered States,1980,https://letterboxd.com/film/altered-states/
The President's Analyst,1967,https://letterboxd.com/film/the-presidents-analyst/
To Be and to Have,2002,https://letterboxd.com/film/to-be-and-to-have/
"I Was Born, But...",1932,https://letterboxd.com/film/i-was-born-but/
Trolls World Tour,2020,https://letterboxd.com/film/trolls-world-tour/
Great Choice,2017,https://letterboxd.com/film/great-choice/
Dragnet,1954,https://letterboxd.com/film/dragnet/
The Trip,1967,https://letterboxd.com/film/the-trip-1967/
Rebels of the Neon God,1992,https://letterboxd.com/film/rebels-of-the-neon-god/
Identifying Features,2020,https://letterboxd.com/film/identifying-features/
The Out-of-Towners,1970,https://letterboxd.com/film/the-out-of-towners/
In Cold Blood,1967,https://letterboxd.com/film/in-cold-blood/
Sundown: The Vampire in Retreat,1989,https://letterboxd.com/film/sundown-the-vampire-in-retreat/
A Separation,2011,https://letterboxd.com/film/a-separation/
Delicatessen,1991,https://letterboxd.com/film/delicatessen/
Dracula Has Risen from the Grave,1968,https://letterboxd.com/film/dracula-has-risen-from-the-grave/
Kuroneko,1968,https://letterboxd.com/film/kuroneko/
The Cremator,1969,https://letterboxd.com/film/the-cremator/
Ramen Heads,2017,https://letterboxd.com/film/ramen-heads/
The Hourglass Sanatorium,1973,https://letterboxd.com/film/the-hourglass-sanatorium/
The Lion in Winter,1968,https://letterboxd.com/film/the-lion-in-winter/
Cleaners,2019,https://letterboxd.com/film/cleaners-2019/
Garden State,2004,https://letterboxd.com/film/garden-state/
Man on Fire,2004,https://letterboxd.com/film/man-on-fire-2004/
Duelle (Une Quarantaine),1976,https://letterboxd.com/film/duelle-une-quarantaine/
Hard to Be a God,2013,https://letterboxd.com/film/hard-to-be-a-god/
A Very Curious Girl,1969,https://letterboxd.com/film/a-very-curious-girl/
Benny's Video,1992,https://letterboxd.com/film/bennys-video/
Sink or Swim,1990,https://letterboxd.com/film/sink-or-swim/
"All Light, Everywhere",2021,https://letterboxd.com/film/all-light-everywhere/
Top Secret!,1984,https://letterboxd.com/film/top-secret/
Blue Streak,1999,https://letterboxd.com/film/blue-streak/
The Exterminating Angel,1962,https://letterboxd.com/film/the-exterminating-angel/
HyperNormalisation,2016,https://letterboxd.com/film/hypernormalisation/
Upstream Color,2013,https://letterboxd.com/film/upstream-color/
Let the Corpses Tan,2017,https://letterboxd.com/film/let-the-corpses-tan/
All These Sleepless Nights,2016,https://letterboxd.com/film/all-these-sleepless-nights/
Age Out,2018,https://letterboxd.com/film/age-out/
Black Sabbath,1963,https://letterboxd.com/film/black-sabbath/
Austin Powers: International Man of Mystery,1997,https://letterboxd.com/film/austin-powers-international-man-of-mystery/
Smooth Talk,1985,https://letterboxd.com/film/smooth-talk/
A Sun,2019,https://letterboxd.com/film/a-sun/
House of Hummingbird,2018,https://letterboxd.com/film/house-of-hummingbird/
The Forty-Year-Old Version,2020,https://letterboxd.com/film/the-forty-year-old-version/
The Face of Another,1966,https://letterboxd.com/film/the-face-of-another/
"Muriel, or the Time of Return",1963,https://letterboxd.com/film/muriel-or-the-time-of-return/
French Exit,2020,https://letterboxd.com/film/french-exit-2020/
The Truffle Hunters,2020,https://letterboxd.com/film/the-truffle-hunters/
I Carry You with Me,2020,https://letterboxd.com/film/i-carry-you-with-me/
Beginning,2020,https://letterboxd.com/film/beginning-2020/
Night of the Kings,2020,https://letterboxd.com/film/night-of-the-kings/
Isabella,2020,https://letterboxd.com/film/isabella-2020-1/
MLK/FBI,2020,https://letterboxd.com/film/mlk-fbi/
Kusama: Infinity,2018,https://letterboxd.com/film/kusama-infinity/
Jess + Moss,2011,https://letterboxd.com/film/jess-moss/
The Young and the Damned,1950,https://letterboxd.com/film/the-young-and-the-damned/
Julien Donkey-Boy,1999,https://letterboxd.com/film/julien-donkey-boy/
Chelsea Girls,1966,https://letterboxd.com/film/chelsea-girls/
Hotel,2004,https://letterboxd.com/film/hotel-2004/
Siberia,2020,https://letterboxd.com/film/siberia-2020/
Tommaso,2019,https://letterboxd.com/film/tommaso-2019/
"Je T'Aime, Je T'Aime",1968,https://letterboxd.com/film/je-taime-je-taime/
Hiroshima Mon Amour,1959,https://letterboxd.com/film/hiroshima-mon-amour/
The Ascent,1977,https://letterboxd.com/film/the-ascent/
Nostalgia,1983,https://letterboxd.com/film/nostalgia-1983/
Quiver,2018,https://letterboxd.com/film/quiver-2018/
Hell's Angels,1930,https://letterboxd.com/film/hells-angels/
Marketa Lazarová,1967,https://letterboxd.com/film/marketa-lazarova/
Werckmeister Harmonies,2000,https://letterboxd.com/film/werckmeister-harmonies/
Lenny Cooke,2013,https://letterboxd.com/film/lenny-cooke/
Daddy Longlegs,2009,https://letterboxd.com/film/daddy-longlegs/
The Turin Horse,2011,https://letterboxd.com/film/the-turin-horse/
Embrace of the Serpent,2015,https://letterboxd.com/film/embrace-of-the-serpent/
Things to Come,2016,https://letterboxd.com/film/things-to-come-2016/
Jiro Dreams of Sushi,2011,https://letterboxd.com/film/jiro-dreams-of-sushi/
Escape Plan,2013,https://letterboxd.com/film/escape-plan/
The Double Life of Véronique,1991,https://letterboxd.com/film/the-double-life-of-veronique/
"As I Was Moving Ahead, Occasionally I Saw Brief Glimpses of Beauty",2000,https://letterboxd.com/film/as-i-was-moving-ahead-occasionally-i-saw/
Repo Man,1984,https://letterboxd.com/film/repo-man/
To Sleep with Anger,1990,https://letterboxd.com/film/to-sleep-with-anger/
Night Tide,1961,https://letterboxd.com/film/night-tide/
My Best Friend,2001,https://letterboxd.com/film/my-best-friend-2001/
Out 1,1971,https://letterboxd.com/film/out-1/
The Librarian: Quest for the Spear,2004,https://letterboxd.com/film/the-librarian-quest-for-the-spear/
The Invitation,2015,https://letterboxd.com/film/the-invitation-2015/
The Last Metro,1980,https://letterboxd.com/film/the-last-metro/
Red Desert,1964,https://letterboxd.com/film/red-desert/
La Ciénaga,2001,https://letterboxd.com/film/la-cienaga/
Funny Face,1957,https://letterboxd.com/film/funny-face/
To Kill a Mockingbird,1962,https://letterboxd.com/film/to-kill-a-mockingbird/
The Rules of Attraction,2002,https://letterboxd.com/film/the-rules-of-attraction/
I Stand Alone,1998,https://letterboxd.com/film/i-stand-alone/
Humanité,1999,https://letterboxd.com/film/humanite/
The Others,2001,https://letterboxd.com/film/the-others/
Amores Perros,2000,https://letterboxd.com/film/amores-perros/
Sólo con tu pareja,1991,https://letterboxd.com/film/solo-con-tu-pareja/
Heart of a Dog,2015,https://letterboxd.com/film/heart-of-a-dog-2015/
My Life as a Dog,1985,https://letterboxd.com/film/my-life-as-a-dog/
Post Tenebras Lux,2012,https://letterboxd.com/film/post-tenebras-lux/
Mirai,2018,https://letterboxd.com/film/mirai/
The Nightingale,2018,https://letterboxd.com/film/the-nightingale-2018/
Koyaanisqatsi,1982,https://letterboxd.com/film/koyaanisqatsi/
Un Chien Andalou,1929,https://letterboxd.com/film/un-chien-andalou/
Life of Brian,1979,https://letterboxd.com/film/life-of-brian/
Tombstone,1993,https://letterboxd.com/film/tombstone/
Ghost Stories,2017,https://letterboxd.com/film/ghost-stories-2017/
Day for Night,1973,https://letterboxd.com/film/day-for-night/
Aparajito,1956,https://letterboxd.com/film/aparajito/
Basquiat,1996,https://letterboxd.com/film/basquiat/
"Like Father, Like Son",2013,https://letterboxd.com/film/like-father-like-son-2013/
Krisha,2015,https://letterboxd.com/film/krisha-2015/
Con Air,1997,https://letterboxd.com/film/con-air/
JFK,1991,https://letterboxd.com/film/jfk/
Nixon,1995,https://letterboxd.com/film/nixon/
Step Brothers,2008,https://letterboxd.com/film/step-brothers/
Loveless,2017,https://letterboxd.com/film/loveless-2017/
Welcome to Marwen,2018,https://letterboxd.com/film/welcome-to-marwen/
Christiane F.,1981,https://letterboxd.com/film/christiane-f/
Ivan's Childhood,1962,https://letterboxd.com/film/ivans-childhood/
F for Fake,1973,https://letterboxd.com/film/f-for-fake/
Touch of Evil,1958,https://letterboxd.com/film/touch-of-evil/
They'll Love Me When I'm Dead,2018,https://letterboxd.com/film/theyll-love-me-when-im-dead/
The White Ribbon,2009,https://letterboxd.com/film/the-white-ribbon/
Animal House,1978,https://letterboxd.com/film/animal-house/
Ben-Hur,1959,https://letterboxd.com/film/ben-hur-1959/
Bullitt,1968,https://letterboxd.com/film/bullitt/
Dirty Dancing,1987,https://letterboxd.com/film/dirty-dancing/
One Cut of the Dead,2017,https://letterboxd.com/film/one-cut-of-the-dead/
Broken Blossoms,1919,https://letterboxd.com/film/broken-blossoms-1919/
The Birth of a Nation,1915,https://letterboxd.com/film/the-birth-of-a-nation/
Intolerance: Love's Struggle Throughout the Ages,1916,https://letterboxd.com/film/intolerance-loves-struggle-throughout-the-ages/
Pecker,1998,https://letterboxd.com/film/pecker/
Shirkers,2018,https://letterboxd.com/film/shirkers/
Filmworker,2017,https://letterboxd.com/film/filmworker/
Brawl in Cell Block 99,2017,https://letterboxd.com/film/brawl-in-cell-block-99/
A Bigger Splash,2015,https://letterboxd.com/film/a-bigger-splash-2015/
Big Trouble in Little China,1986,https://letterboxd.com/film/big-trouble-in-little-china/
Heavy Trip,2018,https://letterboxd.com/film/heavy-trip/
Return of the Jedi,1983,https://letterboxd.com/film/return-of-the-jedi/
Smallfoot,2018,https://letterboxd.com/film/smallfoot/
Pick of the Litter,2018,https://letterboxd.com/film/pick-of-the-litter/
Lost River,2014,https://letterboxd.com/film/lost-river/
Do You Like to Read?,2012,https://letterboxd.com/film/do-you-like-to-read/
The Old Man & the Gun,2018,https://letterboxd.com/film/the-old-man-the-gun/
The Death & Life of John F. Donovan,2018,https://letterboxd.com/film/the-death-life-of-john-f-donovan/
Dogville,2003,https://letterboxd.com/film/dogville/
Tom at the Farm,2013,https://letterboxd.com/film/tom-at-the-farm/
The New World,2005,https://letterboxd.com/film/the-new-world/
Knight of Cups,2015,https://letterboxd.com/film/knight-of-cups/
Robot Monster,1953,https://letterboxd.com/film/robot-monster/
Lenny,1974,https://letterboxd.com/film/lenny/
Once Upon a Time in America,1984,https://letterboxd.com/film/once-upon-a-time-in-america/
L'Avventura,1960,https://letterboxd.com/film/lavventura/
The Thin Red Line,1998,https://letterboxd.com/film/the-thin-red-line/
Terminator 2: Judgment Day,1991,https://letterboxd.com/film/terminator-2-judgment-day/
Andrei Rublev,1966,https://letterboxd.com/film/andrei-rublev/
Man with a Movie Camera,1929,https://letterboxd.com/film/man-with-a-movie-camera/
Once Upon a Time in the West,1968,https://letterboxd.com/film/once-upon-a-time-in-the-west/
Last Year at Marienbad,1961,https://letterboxd.com/film/last-year-at-marienbad/
Brazil,1985,https://letterboxd.com/film/brazil/
Sunrise: A Song of Two Humans,1927,https://letterboxd.com/film/sunrise-a-song-of-two-humans/
Breakfast at Tiffany's,1961,https://letterboxd.com/film/breakfast-at-tiffanys/
A Futile and Stupid Gesture,2018,https://letterboxd.com/film/a-futile-and-stupid-gesture/
The Devil's Candy,2015,https://letterboxd.com/film/the-devils-candy/
Wanda,1970,https://letterboxd.com/film/wanda/
El Angel,2018,https://letterboxd.com/film/el-angel-2018/
La Dolce Vita,1960,https://letterboxd.com/film/la-dolce-vita/
Pariah,2011,https://letterboxd.com/film/pariah/
I'm Still Here,2010,https://letterboxd.com/film/im-still-here/
Foxtrot,2017,https://letterboxd.com/film/foxtrot-2017/
Fanny and Alexander,1982,https://letterboxd.com/film/fanny-and-alexander/
Wild Strawberries,1957,https://letterboxd.com/film/wild-strawberries/
The Rocketeer,1991,https://letterboxd.com/film/the-rocketeer/
The Kid,1921,https://letterboxd.com/film/the-kid/
Outland,1981,https://letterboxd.com/film/outland/
The Phantom Carriage,1921,https://letterboxd.com/film/the-phantom-carriage/
The Innocents,1961,https://letterboxd.com/film/the-innocents/
Eating Raoul,1982,https://letterboxd.com/film/eating-raoul/
Solaris,1972,https://letterboxd.com/film/solaris/
Duck Butter,2018,https://letterboxd.com/film/duck-butter/
Hoop Dreams,1994,https://letterboxd.com/film/hoop-dreams/
Slacker,1990,https://letterboxd.com/film/slacker/
Naked Lunch,1991,https://letterboxd.com/film/naked-lunch/
The Pornographers,1966,https://letterboxd.com/film/the-pornographers/
Certified Copy,2010,https://letterboxd.com/film/certified-copy/
Like Someone in Love,2012,https://letterboxd.com/film/like-someone-in-love/
Splendor in the Grass,1961,https://letterboxd.com/film/splendor-in-the-grass/
Our Hospitality,1923,https://letterboxd.com/film/our-hospitality/
Wrong,2012,https://letterboxd.com/film/wrong/
Tag,2015,https://letterboxd.com/film/tag/
A Brighter Summer Day,1991,https://letterboxd.com/film/a-brighter-summer-day/
Batman,1989,https://letterboxd.com/film/batman-1989/
Scarface,1932,https://letterboxd.com/film/scarface/
Pandora's Box,1929,https://letterboxd.com/film/pandoras-box/
Metropolis,1927,https://letterboxd.com/film/metropolis/
Junior,2011,https://letterboxd.com/film/junior-2011-1/
Deathgasm,2015,https://letterboxd.com/film/deathgasm/
Final Flesh,2009,https://letterboxd.com/film/final-flesh/
The Imitation Game,2014,https://letterboxd.com/film/the-imitation-game/
Billy Jack,1971,https://letterboxd.com/film/billy-jack/
Love and Other Cults,2017,https://letterboxd.com/film/love-and-other-cults/
Kes,1969,https://letterboxd.com/film/kes/
Dawn of the Dead,1978,https://letterboxd.com/film/dawn-of-the-dead/
No Half Measures: Creating the Final Season of Breaking Bad,2013,https://letterboxd.com/film/no-half-measures-creating-the-final-season-of-breaking-bad/
Ratcatcher,1999,https://letterboxd.com/film/ratcatcher/
Come and See,1985,https://letterboxd.com/film/come-and-see/
Shane,1953,https://letterboxd.com/film/shane/
Solo: A Star Wars Story,2018,https://letterboxd.com/film/solo-a-star-wars-story/
Natural Born Killers,1994,https://letterboxd.com/film/natural-born-killers/
The Untouchables,1987,https://letterboxd.com/film/the-untouchables/
Horns,2013,https://letterboxd.com/film/horns/
The Bunker of the Last Gunshots,1982,https://letterboxd.com/film/the-bunker-of-the-last-gunshots/
Love & Saucers,2017,https://letterboxd.com/film/love-saucers/
The Black Power Mixtape 1967-1975,2011,https://letterboxd.com/film/the-black-power-mixtape-1967-1975/
Lowlife,2017,https://letterboxd.com/film/lowlife-2017/
Oasis,2002,https://letterboxd.com/film/oasis/
Wild Wild Country,2018,https://letterboxd.com/film/wild-wild-country/
Journeyman,2017,https://letterboxd.com/film/journeyman-2017/
Waking Life,2001,https://letterboxd.com/film/waking-life/
Finding Vivian Maier,2013,https://letterboxd.com/film/finding-vivian-maier/
Angela,1995,https://letterboxd.com/film/angela/
Human Flow,2017,https://letterboxd.com/film/human-flow/
Being Different,1981,https://letterboxd.com/film/being-different/
Pacific Rim: Uprising,2018,https://letterboxd.com/film/pacific-rim-uprising/
The Heiresses,2018,https://letterboxd.com/film/the-heiresses/
Last Flag Flying,2017,https://letterboxd.com/film/last-flag-flying/
Stardust,2007,https://letterboxd.com/film/stardust-2007/
Robin Hood,1973,https://letterboxd.com/film/robin-hood/
Werewolf,2016,https://letterboxd.com/film/werewolf-2016/
November,2017,https://letterboxd.com/film/november-2017/
Wonder Woman,2017,https://letterboxd.com/film/wonder-woman-2017/
Logan,2017,https://letterboxd.com/film/logan-2017/
Battle of the Sexes,2017,https://letterboxd.com/film/battle-of-the-sexes-2017/
